{"cameraMode":{"drawMode":0,"name":"Shaded","section":"Shading Mode"},"sceneLighting":true,"audioPlay":false,"sceneViewState":{"showFog":true,"showMaterialUpdate":false,"showSkybox":true,"showFlares":true,"showImageEffects":true,"showParticleSystems":true},"in2DMode":false,"pivot":{"x":419.78350830078127,"y":238.26611328125,"z":170.5767822265625},"rotation":{"x":-0.04463068023324013,"y":0.04493572562932968,"z":0.002019227482378483,"w":0.9980076551437378},"size":300.7961120605469,"orthographic":false}